Family hub name,Postcode
Becket Family Hub,DE22 3WR
Derwent Family Hub,DE21 6BD
Mackworth Morley Family Hub,DE22 4EQ
Osmaston Allenton Family Hub,DE24 8XB
Rosehill Family Hub,DE23 6WY
Sinfin Family Hub,DE24 9SF
"Beaumont Leys Children, Young People and Family Centre",LE4 0RW
"Belgrave Children, Young People and Family Centre",LE4 6JD
"Bewcastle Children, Young People and Family Centre",LE4 2JY
"Braunstone Children, Young People and Family Centre",LE3 1QR
"Eyres Monsell Children, Young People and Family Centre",LE2 9PT
"Highfields Children, Young People and Family Centre",LE2 0UZ
"Netherhall Children, Young People and Family Centre",LE5 1NG
"New Parks Children, Young People and Family Centre",LE3 9RN
"Saffron Children, Young People and Family Centre",LE2 6QW
"St Matthews Children, Young People and Family Centre",LE1 2GA
"Thurnby Lodge Children, Young People and Family Centre",LE5 2EG
"Woodbridge Children, Young People and Family Centre",LE4 7RG
Birchwood Children�s Centre and Family Hub,LN6 0JE
Boston Children�s Centre and Family Hub,PE21 6PW
Gainsborough Market Arcade Children�s Centre and Family Hub,DN21 2DY
Grantham Swingbridge Children�s Centre and Family Hub,NG31 7XQ
Lincoln North Children�s Centre and Family Hub,LN2 2DD
Mablethorpe Children�s Centre and Family Hub,LN12 1DP
Skegness Children�s Centre and Family Hub,PE25 2QT
Sleaford Children�s Centre and Family Hub,NG34 7TW
Spalding Children�s Centre and Family Hub,PE11 2JG
St Giles Children�s Centre and Family Hub,LN2 4NP
Pengreen,NN17 1BJ
Penrith,NN8 3XL
Broxtowe Children�s Centre,NG8 3AP
Meadows Children�s Centre,NG2 2HZ
"Sure Start Children�s Centre, The Mary Potter Centre",NG7 5HY
"Sure Start Southglade Access Centre, Bestwood Children�s Centre",NG5 5GU
Pine Cones Family Hub,MK41 7SA
Queens Park Family Hub,MK40 4LE
Hockwell Children�s Centre and Family Hub,LU4 9LB
Park Town Family Hub,LU1 3DU
Early Childhood and Family Service Base,NR28 9HG
Early Childhood and Family Service Base,NR15 2XR
Early Childhood and Family Service Base - Catton Grove,NR3 3PY
"Early Childhood and Family Service Base - Seagulls, and JPH Midwifery Unit",NR31 7BP
Early Childhood and Family Service Base - Thetford Kingsway (Woodlands),IP24 3DY
Hellesdon Community Centre,NR6 5QB
"St Augustine, Healthy Living Centre",PE30 2LB
First Steps Child And Family Centre,PE1 4TR
Honeyhill Child And Family Centre,PE4 7DR
Orton Child And Family Centre,PE2 5PW
Aveley Family Hub,RM15 4AA
Chadwell Family Hub,RM16 4QE
Ockendon Family Hub,RM15 5PA
Purfleet On Thames Family Hub,RM19 1ZZ
Stanford Family Hub,SS17 0DF
Stifford Family Hub,RM17 5YN
Thameside Family Hub,RM17 6EF
Tilbury Family Hub,RM18 8EY
Barking Learning Centre Family Hub,IG11 7NB
Dagenham Library Family Hub,RM10 9QS
Marks Gate Family Hub,RM6 5NJ
Alperton Family Wellbeing Centre,HA0 4PW
Church Lane Family Wellbeing Centre,NW9 8JD
Curzon Crescent Family Wellbeing Centre,NW10 9SD
Fawood Family Wellbeing Centre,NW10 8DX
Granville Plus Family Wellbeing Centre,NW6 5HE
Preston Park Family Wellbeing Centre,HA9 8RJ
St Raphael�s Family Wellbeing Centre,NW10 0TS
Three Tree�s Family Wellbeing Centre,NW10 3HL
Willow Send Family Wellbeing Centrre,HA9 9YP
1A Children�s Centre And Family Hub,EC1R 4SR
Agar Children�s Centre And Family Hub,NW1 9SU
Harmood Children�s Centre And Family Hub,NW1 8DQ
Kilburn Grange Children�s Centre And Family Hub,NW6 2JL
Regent�s Park Children�s Centre And Family Hub,NW1 3TJ
Woodlands Family Hub,CR2 8HD
Ponders End Youth and Family Hub,EN3 4PX
Brookhill Children�s Centre,SE18 6BD
Quaggy Children�s Centre,SE13 7QZ
Storkway Children�s Centre,SE3 9QX
Waterways Children�s Centre,SE28 8EZ
Linden Family Hub,N16 7SH
Woodberry Down Family Hub,N4 2NP
"Triangle Children, Young People And Community Centre",N15 6NU
Family Hub Central,TW3 4JG
Family Hub East,TW8 0BJ
Family Hub West,TW13 5AF
Family Hub South Bemerton Children�s Centre,N1 0DX
Islington Central New River Green Children�s Centre,N1 2SX
Benton�s Lane Children�s Centre,SE27 9UD
Henry Fawcett Children�s Centre,SE11 5BZ
Hitherfield Children�s Centre,SW16 2LW
Jubilee Children�s Centre,SW2 2JE
Maytree Children�s Centre,SW4 8EG
Stockwell Children�s Centre,SW9 9TG
Bellingham Family Hub,SE6 3HB
Clyde Family Hub,SE8 5NH
Altmore Children�s Centre,E6 2BX
Oliver Thomas Children�s Centre,E6 6BU
Plaistow Children�s Centre,E13 9DQ
1st Place Children And Parents Centre,SE5 0RN
John Smith Children And Family Centre,E1 2EN
Ocean Children And Family Centre,E1 0ND
Ocean (Shadwell) Children And Family Centre Health Visitor Clinic,E1 0AF
Wapping And Bigland Children And Family Centre,E1 2JP
Chingford Family Hub,E4 6EY
Leyton Family Hub,E17 8PJ
Leytonstone Family Hub,E11 4LF
Walthamstow Family Hub,E17 5PX
Bishop Auckland Family Hub,DL14 6QW
Brandon Family Hub,DH7 8NL
Chester Le Street Family Hub,DH2 2EL
Consett Family Hub,DH8 8EQ
Durham Family Hub,DH1 2EY
Easington Family Hub,SR8 3DJ
Ferryhill Family Hub,DL17 8PH
Horden Family Hub,SR8 4EQ
Newton Aycliffe Family Hub,DL5 7DD
Peterlee Family Hub,SR8 5NJ
Seaham Family Hub,SR7 7EU
Seaview Outreach,SR7 8LX
Sherburn Hill Outreach,DH6 1PA
Stanley Family� Hub,DH9 0AB
Tudhoe Family Hub,DL16 6EX
Wheatley Hill Family Hub,DH6 3RT
Willington Family Hub,DL15 0EQ
Birtley Harras Bank Family Hub,DH3 2LN
Blaydon Winlaton Family Hub,NE21 5EZ
Chopwell Family Hub,NE17 7HS
Chowdene Family Hub,NE9 7UD
Deckham Family Hub,NE9 5PA
Felling Family Hub,NE10 9LT
Leam Lane Family Hub,NE10 8QH
Teams Family Hub,NE8 2LS
Hindpool Close Family Hub,TS24 0TB
Middleton Grange Family Hub,TS24 7RZ
Miers Avenue Family Hub,TS24 9JQ
Rossmere Family Hub,TS25 5EB
Abingdon Primary School and Family Hub,TS1 3JR
Hemlington Family Hub,TS8 9EQ
North Ormesby Family Hub,TS3 6DF
Park End Family Hub,TS3 0AA
Thorntree Family Hub,TS3 9JW
West Middlesbrough Family Hub,TS5 4JR
Children and Families Newcastle: Byker Sands Family Hub,NE6 2FF
Children and Families Newcastle: Galafield Family Hub,NE5 1LZ
Alnwick Family Hub,NE66 1DJ
Ashington Family Hub,NE63 9EF
Bedlington Family Hub,NE22 5JS
Bellingham Family Hub,NE48 2JS
Berwick Family Hub,TD15 2AE
Blyth Central Family Hub,NE24 1HG
Blyth West Family Hub,NE24 5AQ
Hadston And Amble Family Hub,NE65 9SR
Haltwhistle Family Hub,NE49 9BA
Hexham Family Hub,NE46 1JD
Newbiggin Family Hub,NE64 6RR
Prudhoe Family Hub,NE42 5FT
Wooler Family Hub,NE71 6SN
Dormanstown Family Hub,TS10 5LL
Grangetown Family Hub,TS6 7HP
Greengates Family Hub,TS10 4HS
Guisborough Family Hub,TS14 6LD
Loftus Family Hub,TS13 4PR
Ormesby Family Hub,TS7 9JF
Redcar Coast Family Hub,TS10 1RR
Skelton Family Hub,TS12 2HA
South Bank Family Hub,TS6 6SY
All Saints Family Hub,NE33 4SU
Bede Family Hub,NE32 4AQ
Biddick Hall And Whiteleas Family Hub,NE34 9JD
Boldon Family Hub,NE35 9DG
Hebburn Family Hub,NE31 1QY
Horsely Hill Family Hub,NE34 7TD
Jarrow Family Hub,NE32 3TD
Marine Park Family Hub,NE33 2LS
Primrose Family Hub,NE32 5QY
Ridgeway Family Hub,NE34 8AB
Riverside Family Hubs,NE33 4JT
Whitburn and Marsden Family Hub,SR6 7NS
Bunnyhill Family Centre,SR5 4BW
Coalfield Family Hub,DH5 9NE
Rainbow Family Hub,NE37 3AE
Thorney Close Family Centre,SR3 4JQ
Family Hub Darwen,BB3 0HD
Family Hub Little Harwood,BB1 5PE
Family Hub Livesey,BB2 4NU
Family Hub Shadsworth,BB1 2HR
Central Family Hub,FY1 3JW
North Family Hub,FY3 7NX
Palatine Leisure Centre,FY4 2AP
Alexandra Start Well Centre,BL3 4BL
Farnworth Start Well and Young People�s Centre,BL4 7AP
Great Lever Start Well Centre,BL3 3AP
Harvey Start Well Centre,BL3 6HU
Oldhams Start Well Centre,BL1 6RN
Oxford Grove Start Well Centre,BL1 3BH
Tonge Start Well Centre,BL2 2ED
Winifred Kettle Centre,BL5 2NG
Brookvale Childrens Centre,WA7 6BJ
Ditton Children�s Centre,WA8 8DF
Halton Lodge Childrens Centre,WA7 5LU
Kingsway Family Hub,WA8 7QY
Warrington Road Childrens Centre,WA8 0BS
Windmill Hill Childrens Centre,WA7 6QE
Pride Centre,L33 5YP
Family Hub @ Clubmoor Children�s Centre,L11 1DQ
Crossacres Family Hub,M22 9TA
Longsight Family Hub,M13 0QX
Woodville Family Hub,M8 0NE
Beever Children�s Centre,OL1 3QU
Honeywell Children�s Centre,OL8 3BP
Oldham Library,OL1 1AL
Shaw And Crompton Children�s Centre,OL2 8RF
Spring Meadows Children�s Centre,OL4 2RN
Stanley Road Children�s Centre,OL9 7HX
Belfield Family Hub,OL16 2XW
Boarshaw Children�s Centre,M24 2PB
Castleton Children�s Centre,OL11 2PL
Deeplish Children�s Centre,OL11 1JT
Derby St Family Hub,OL10 4JQ
Heybrook Children�s Centre,OL12 9BJ
Hollin Children�s Centre,M24 6JP
Howard St Family Hub,OL12 0PP
Kirkway Children�s Centre,M24 1FL
Langley Family Hub,M24 4LA
Littleborough Children�s Centre,OL15 9JN
Meanwood Children�s Centre,OL12 7DJ
Moorhouse Children�s Centre,OL16 4DR
Newbold Family Hub,OL16 5NL
Norden Children�s Centre,OL12 7RQ
Sandbrook Children�s Centre,OL11 2LR
Woodland Children�s Centre,OL10 3BH
Central Family Hub (Broughton Hub),M7 4BQ
North Family Hub (Swinton Gateway),M27 6BP
South Family Hub (Irlam And Cadishead Academy),M44 5LH
West Family Hub (Little Hulton),M28 0BD
Sutton Family Hub,WA9 3PY
Ashton Library In Tameside One,OL6 6BH
Denton Town Hall,M34 2AP
Dukinfield Library,SK16 4DB
Stalybridge Civic Hall,SK15 2BN
Tameside Family Hub East,SK15 1EA
Tameside Family Hub North,OL7 0LL
Tameside Family Hub South,SK14 4SQ
Tameside Family Hub West,M43 7RA
Tameside One,OL6 6BH
East Hastings Family Hub,TN34 3PZ
Hailsham East Family Hub,BN27 2JZ
Newport Family Hub,PO30 2AX
Ryde Family Hub,PO33 2JF
Sandown Family Hub,PO36 9EQ
Millmead,CT9 3RU
Seashells,ME12 1AW
Chatham Children And Family Hub,ME4 5AZ
Gillingham Children And Family Hub,ME7 2BX
Strood Children And Family Hub,ME2 2HG
Wayfield And Rainham Children And Family Hub,ME5 0HH
Buckland Family Hub,PO1 4PN
Milton Park Family Hub,PO4 8EU
Northern Parade Family Hub,PO2 9NE
Paulsgrove Family Hub,PO6 3PL
Somerstown Family Hub,PO5 4LP
Blackberry,SO19 6FH
Clovelly,SO14 0AU
Cutbush,SO18 2GF
Honeysuckle,SO16 3BZ
Pickles Coppice,SO16 9QX
Seashell,SO19 9JQ
The Ashby Centre,SO15 5QZ
Hartcliffe Family Hub,BS13 0JW
Southmead Children�s Centre,BS10 5PW
Wellspring Settlement,BS5 0AX
Bodmin Family Hub,PL31 1JS
Hayle Family Hub,TR27 4ND
Helston Family Hub,TR13 8JF
Launceston Family Hub,PL15 9DQ
Liskeard Family Hub,PL14 4AP
Newquay Family Hub,TR7 2LU
Redruth Family Hub,TR15 1NA
Saltash Family Hub,PL12 6DX
St Austell Family Hub,PL25 4RA
The Park Family Hub,TR11 2DJ
Wadebridge Family Hub,PL27 7AL
Four Woods Family Hub,PL5 2LN
Nomony Family Hub,PL4 0PA
Rees Family Hub,PL7 2PS
The Barn Family Hub,PL5 1EJ
Whitleigh Family Hub,PL5 4DD
The Barn,TQ5 9DF
The Beehive,TQ3 3DZ
Zigzag,TQ1 3AQ
Kitts Green Family Hub,B33 9RB
Aspire Family Hub,CV1 2SF
Families For All Family Hub,CV6 5LB
Harmony Family Hub,CV1 5GR
Mosaic Family Hub,CV4 9PL
Park Edge Family Hub,CV2 1NE
Pathways Family Hub,CV6 1HD
The Moat Family Hub,CV2 1EQ
Wood Side Family Hub,CV3 3GL
"Local Family Hub, Brierley Hill",DY5 3DY
"Local Family Hub, Coseley",WV14 9DS
"Local Family Hub, Dudley",DY2 8LJ
"Local Family Hub, Lye",DY9 8HT
"Local Family Hub, Stourbridge",DY8 1XF
Happy Faces,B65 9HU
Smethwick Family Hub Spoke,B66 1DH
Wednesbury North Family Hub Spoke,WS10 9LX
Bentilee Family Hub,ST2 0HW
Westfield Family Hub,ST3 4RF
Silver Birch Family Hub,TF7 4DH
Walnut Family Hub,TF7 5HX
A�Aina Community Hub,WS1 3BS
Blakenhall Village Centre,WS3 1LZ
Bloxwich Community Partnership,WS3 3AZ
Brownshills Community Association,WS8 7JW
Central and South Locality Team,WS2 8NG
Darlaston All Active,WS10 8AA
East Locality Team,WS8 6HA
Frank F Harrison - Dudley Fields Youth Club,WS3 2NN
Frank F Harrison Community Association,WS2 7DX
Manor Farm Community Association,WS4 1EU
Mind Kind Project,WS2 8AZ
Moxley People Centre,WS10 8TA
Nash Dom,WS1 4AL
North Locality Team,WS3 1HJ
Pelsall Community Association,WS3 4BQ
Ryecroft Community Hub,WS3 1TR
West Locality Team,WS10 8AE
Willenhall Chart,WV13 2NS
Bingley Family Hub,WV3 0JE
Dove Family Hun,WV8 1XF
Eastfield,WV1 2QY
Graiseley,WV2 4NE
Low Hill Family Hub,WV10 9LZ
Rocket Pool Family Hub,WV14 8BH
The Children�s Village,WV11 1PE
Whitmore Reans,WV1 4AL
Athersley Family Centre,S71 3NB
Grimethorpe Family Centre,S72 7BH
Kendray And Worsbrough Family Hub,S70 4BD
Thurnscoe Family Centre,S63 0JR
Wombwell Family Centre,S73 8HT
Barkerend Family Hub,BD3 8QX
Farcliffe Family Hub,BD8 8QH
The Rainbow Family Hub,BD22 6JB
Central Halifax Family Hub at Jubilee,HX1 5NB
Adwick Family Hub,DN6 7RU
Armthorpe Family Hub,DN3 2DG
Askern Family Hub,DN6 0HZ
Balby Family Hub,DN4 0TY
Bentley Family Hub,DN5 0NP
Bentley My Place Youth Hub,DN5 0HU
Central Family Hub,DN1 3LE
Denaby Family Hub,DN12 4HZ
Mexborough Family Hub,S64 9ED
Moorends Family Hub,DN8 4SB
Rossington Family Hub,DN11 0TA
Stainforth Family Hub,DN7 5DH
Tom Hill Youth Hub,DN12 4AQ
Wheatley Family Hub,DN2 4AJ
Fenchurch Children�s Centre,HU5 1JF
Little Stars Children�s Centre,HU9 3QB
Longhill Children�s Centre,HU8 9RW
Marfleet Children�s Centre,HU9 5AN
Mcmillan Children�s Centre,HU6 8HS
Mersey Children�s Centre,HU8 8TX
Octagon Children�s Centre,HU3 2RA
Priory Children�s Centre,HU5 5RU
The Acorns Children�s Centre,HU9 4DB
The Lemon Tree Children�s Centre,HU7 5DD
The Parks Children�s Centre,HU6 9TA
Wheeler (Rainbow) Children�s Centre,HU3 5QE
Central Family Hub,DN32 9HL
East Marsh Family Hub,DN32 7QB
Immingham Family Hub,DN40 1LD
Nunsthorpe And Bradley Park Family Hub,DN33 1AN
Queensway Family Hub,DN37 9AS
Reynolds Family Hub,DN35 7LJ
West Marsh Family Hub,DN31 2DS
West Street Children�s Centre,DN15 6HS
Maltby Stepping Stones Family Hub,S66 7NQ
Swinton Brookfield Family Hub,S64 8TQ
The Place Family Hub,S65 1LW
Darnall Family Hub,S9 4RA
Early Days Family Hub,S5 8GS
First Start Family Hub,S5 6QQ
Primrose Family Hub,S6 2TN
Sharrow Family Hub,S2 4NF
Shortbrook Family Hub,S20 8FB
Valley Park Family Hub,S14 1SL
Butterflies Family Hub,WF6 1BB
Cedars Family Hub Cedars Children�s Centre,WF9 4PU
Havercroft Family Hub,WF4 2BE
Kendal Drive Family Hub,WF10 3SP
Oakhill Family Hub Oakhill Family Hub,WF7 5JB
Platform 1 Youth Hub,WF9 4AB
Pomfret Family Hub,WF8 2DD
Stanley Family Hub,WF3 4JB
Sunbeam Family Hub,WF2 8RH
The Castle Family Hub,WF1 5NU
The Hut Youth Hub,WF10 3ET
